ClassName,WMC,DIT,NOC,CBO,RFC,¼Ò²Õ¥­§¡RFC,LCOM,Ca,NPM ,89
com.ntou.APIApplication,5,0,0,14,26,,0,0,3,
com.ntou.creditcard.billing.feepayment.FeePayment,5,1,0,17,61,22.5 ,4,0,2,
com.ntou.creditcard.billing.feepayment.FeePaymentController,3,1,0,8,10,,0,0,3,
com.ntou.creditcard.billing.feepayment.FeePaymentRC,7,2,0,1,10,,13,0,4,
com.ntou.creditcard.billing.feepayment.FeePaymentReq,16,1,0,2,22,,76,0,15,
com.ntou.creditcard.billing.feepayment.FeePaymentRes,1,0,0,1,2,,0,0,1,
com.ntou.creditcard.billing.generatebill.GenerateBill,7,1,0,25,94,,13,0,3,
com.ntou.creditcard.billing.generatebill.GenerateBillController,3,1,0,10,12,,0,0,3,
com.ntou.creditcard.billing.generatebill.GenerateBillRC,7,2,0,1,10,,13,0,4,
com.ntou.creditcard.billing.generatebill.GenerateBillReq,12,1,0,2,18,,38,0,11,
com.ntou.creditcard.billing.generatebill.GenerateBillRes,1,0,0,1,2,,0,0,1,
com.ntou.creditcard.billing.generatebill.GenerateBillTask,2,1,0,3,7,,1,0,2,
com.ntou.creditcard.dispute.disputenotation.DisputeNotation,4,1,0,13,32,13.6 ,2,0,2,
com.ntou.creditcard.dispute.disputenotation.DisputeNotationController,3,1,0,5,8,,0,0,3,
com.ntou.creditcard.dispute.disputenotation.DisputeNotationRC,7,2,0,1,10,,13,0,4,
com.ntou.creditcard.dispute.disputenotation.DisputeNotationReq,10,1,0,2,16,,27,0,9,
com.ntou.creditcard.dispute.disputenotation.DisputeNotationRes,1,0,0,1,2,,0,0,1,
com.ntou.creditcard.management.activation.Activation,4,1,0,17,44,24.3 ,2,0,2,
com.ntou.creditcard.management.activation.ActivationController,3,1,0,5,8,,0,0,3,
com.ntou.creditcard.management.activation.ActivationRC,7,2,0,1,10,,13,0,4,
com.ntou.creditcard.management.activation.ActivationReq,12,1,0,2,18,,38,0,11,
com.ntou.creditcard.management.activation.ActivationRes,1,0,0,1,2,,0,0,1,
com.ntou.creditcard.management.application.Application,5,1,0,17,95,,6,0,2,
com.ntou.creditcard.management.application.ApplicationController,3,1,0,5,8,,0,0,3,
com.ntou.creditcard.management.application.ApplicationRC,7,2,0,1,10,,13,0,4,
com.ntou.creditcard.management.application.ApplicationReq,58,1,0,2,64,,1395,0,57,
com.ntou.creditcard.management.application.ApplicationRes,1,0,0,1,2,,0,0,1,
com.ntou.creditcard.management.review.Review,7,1,0,17,61,,17,0,4,
com.ntou.creditcard.management.review.ReviewController,3,1,0,5,8,,0,0,3,
com.ntou.creditcard.management.review.ReviewRC,7,2,0,1,10,,13,0,4,
com.ntou.creditcard.management.review.ReviewReq,16,1,0,2,22,,72,0,15,
com.ntou.creditcard.management.review.ReviewRes,1,0,0,1,2,,0,0,1,
com.ntou.creditcard.transactions.transaction.Transaction,4,1,0,17,72,22.1 ,2,0,2,
com.ntou.creditcard.transactions.transaction.TransactionController,3,1,0,8,10,,0,0,3,
com.ntou.creditcard.transactions.transaction.TransactionRC,7,2,0,1,10,,13,0,4,
com.ntou.creditcard.transactions.transaction.TransactionReq,36,1,0,2,42,,482,0,35,
com.ntou.creditcard.transactions.transaction.TransactionRes,1,0,0,1,2,,0,0,1,
com.ntou.creditcard.transactions.transactionquery.TransactionQuery,4,1,0,13,36,,2,0,2,
com.ntou.creditcard.transactions.transactionquery.TransactionQueryController,3,1,0,5,13,,0,0,3,
com.ntou.creditcard.transactions.transactionquery.TransactionQueryRC,7,2,0,1,10,,13,0,4,
com.ntou.creditcard.transactions.transactionquery.TransactionQueryReq,16,1,0,2,22,,72,0,15,
com.ntou.creditcard.transactions.transactionquery.TransactionQueryRes,3,0,0,1,4,,1,0,3,
com.ntou.db.ConnControl,6,1,0,2,23,,7,0,5,
com.ntou.db.billofmonth.BillofmonthDAO,5,0,0,5,42,,0,0,4,
com.ntou.db.billofmonth.BillofmonthImpl,4,1,0,3,8,,0,0,4,
com.ntou.db.billofmonth.BillofmonthSvc,3,1,0,1,3,,3,0,3,
com.ntou.db.billofmonth.BillofmonthVO,35,1,0,1,40,,453,0,34,
com.ntou.db.billrecord.BillrecordDAO,6,0,0,5,46,,0,0,5,
com.ntou.db.billrecord.BillrecordImpl,5,1,0,3,10,,0,0,5,
com.ntou.db.billrecord.BillrecordSvc,4,1,0,1,4,,6,0,4,
com.ntou.db.billrecord.BillrecordVO,39,1,0,1,44,,579,0,38,
com.ntou.db.cuscredit.CuscreditDAO,6,0,0,5,61,,0,0,5,
com.ntou.db.cuscredit.CuscreditImpl,6,1,0,3,14,,0,0,6,
com.ntou.db.cuscredit.CuscreditSvc,5,1,0,1,5,,10,0,5,
com.ntou.db.cuscredit.CuscreditVO$ActivationRecord,9,2,0,2,18,,22,0,5,
com.ntou.db.cuscredit.CuscreditVO$CardApprovalStatus,9,2,0,2,18,,22,0,5,
com.ntou.db.cuscredit.CuscreditVO$STATUS,9,2,0,2,18,,22,0,5,
com.ntou.db.cuscredit.CuscreditVO,73,1,0,1,78,,2296,0,72,
com.ntou.exceptions.GlobalException$EM_DateTimeParseException,3,1,0,2,5,,3,0,3,
com.ntou.exceptions.GlobalException$EM_Exception,3,1,0,2,5,,3,0,3,
com.ntou.exceptions.GlobalException$EM_InvocationTargetException,3,1,0,2,5,,3,0,3,
com.ntou.exceptions.GlobalException$EM_JsonMappingException,3,1,0,3,5,,3,0,3,
com.ntou.exceptions.GlobalException$EM_JsonParseException,3,1,0,3,5,,3,0,3,
com.ntou.exceptions.GlobalException$EM_NotAllowedException,3,1,0,2,5,,3,0,3,
com.ntou.exceptions.GlobalException$EM_NotFoundException,3,1,0,2,5,,3,0,3,
com.ntou.exceptions.GlobalException$EM_NullPointerException,3,1,0,2,5,,3,0,3,
com.ntou.exceptions.GlobalException$EM_TException,3,1,0,2,5,,3,0,3,
com.ntou.exceptions.GlobalException$EM_Throwable,2,1,0,2,4,,1,0,2,
com.ntou.exceptions.GlobalException$EM_UnrecognizedPropertyException,3,1,0,3,5,,3,0,3,
com.ntou.exceptions.GlobalException$IOExceptionMapper,3,1,0,2,5,,3,0,3,
com.ntou.exceptions.GlobalException$JsonProcessingExceptionMapper,3,1,0,3,5,,3,0,3,
com.ntou.exceptions.GlobalException$MismatchedInputExceptionMapper,3,1,0,3,5,,3,0,3,
com.ntou.exceptions.GlobalException$RC,7,2,0,1,10,,13,0,4,
com.ntou.exceptions.GlobalException$ValidationExceptionMapper,3,1,0,2,5,,3,0,3,
com.ntou.exceptions.GlobalException$WebApplicationExceptionMapper,3,1,0,2,5,,3,0,3,
com.ntou.exceptions.GlobalException,4,1,0,8,22,,0,0,1,
com.ntou.exceptions.TException,1,3,0,2,4,,0,0,1,
com.ntou.spec.SvcRes,10,1,0,2,15,,39,0,9,
com.ntou.sysintegrat.mailserver.Auth,2,0,0,0,4,,0,0,1,
com.ntou.sysintegrat.mailserver.JavaMail$1,2,0,0,0,4,,1,0,0,
com.ntou.sysintegrat.mailserver.JavaMail,6,1,0,5,38,,5,0,2,
com.ntou.sysintegrat.mailserver.MailVO,12,1,0,1,16,,34,0,11,
com.ntou.tool.Common,1,1,0,0,2,,0,0,1,
com.ntou.tool.DateTool,5,1,0,0,15,,10,0,5,
com.ntou.tool.ExecutionTimer$ExecutionModule,9,2,0,2,18,,22,0,5,
com.ntou.tool.ExecutionTimer,7,1,0,3,38,,0,0,4,
com.ntou.tool.JsonTool,6,1,0,5,13,,3,0,4,
com.ntou.tool.RegexpTool,1,1,0,0,2,,0,0,0,
com.ntou.tool.ResTool,4,1,0,3,9,,6,0,4,
,7.426966292,1.011235955,0,3.853932584,18.51685393,,66.88764045,0,6.314606742,
,,,,,1648,,,,,
